{"cameraMode":{"drawMode":0,"name":"Shaded","section":"Shading Mode"},"sceneLighting":false,"audioPlay":false,"sceneViewState":{"showFog":true,"showMaterialUpdate":true,"showSkybox":false,"showFlares":true,"showImageEffects":true,"showParticleSystems":true},"in2DMode":false,"pivot":{"x":-0.0000013113021850585938,"y":8.300000190734864,"z":0.0000019669532775878908},"rotation":{"x":0.11339417099952698,"y":0.07890088856220246,"z":-0.009033854119479657,"w":0.9903734922409058},"size":5.352245807647705,"orthographic":false}